<?xml version="1.0" encoding='UTF-8'?>
<!DOCTYPE hibernate-mapping PUBLIC
                            "-//Hibernate/Hibernate Mapping DTD 3.0//EN"
                            "http://hibernate.sourceforge.net/hibernate-mapping-3.0.dtd" >

<!-- DO NOT EDIT: This is a generated file that is synchronized -->
<!-- by MyEclipse Hibernate tool integration.                   -->
<!-- Created Tue Aug 14 18:57:22 CST 2007                         -->
<hibernate-mapping package="com.demo.hibernate.beans">

    <class name="User" table="user">
        <id name="id" column="ID" type="integer">
            <generator class="native"/>
        </id>
 
        <property name="username" column="username" type="string" />
        <property name="password" column="password" type="string" />
        <property name="email" column="email" type="string" />
    </class>
    
</hibernate-mapping>
